Chrom	Start	End	Start_Consensus	End_Consensus	Ref_Sequence	Start_Alignment	End_Alignment	Start_Score	End_Score
NC_000001.10	2066285	2066645	GTCGCAGCTGCA	TGCGGAAAAA	CCCTGTGCGGAAAAAAAGGCCTGTTTTTCACAGGgctgcctggggaggaggggggtgGAAAGGAAAACAGGCAGGGGACAGACGGACCCGGCCTGCGTTGGCCTGGGGTGACTTCACGGCTCCACTGTCAGCAAGCGGCCGTCCCGTGGTGGATCCTGTCCGCCCTGCGAGGACACCTGGCTCCATCCACACCTGGGCCTCTGTCTCCAGCCGCCGAGGCCGTGACACCATGAGGATCATGTgaggaggggcagagagaggcctCCGGGAGGCCGTCATTCCAGCCCTGCCTTCCCTGCCTGGGAGGACGCTGCGGCCGCCACCACCTGGACGGGAGTGGCCTGTCGCAGCTGCACCCTG	TGCGGAAAAAAAG-G|TGCGG-AAAAATGCG	GTCGCAGCTGCACCCTG|GTCGCAGCTGCA---TG	21	25
NC_000001.10	2403270	2403643	GGGGACAAGTG	TACTGCCATGG	CCCCTCCGGCCTGCTCCCCTGCCGAGCTGGGTACTGCCATGGGGTCAGGCCCTTCCCTCCACAACGCCCCCACCTCCTGCTGAGAGCTGGAGTGGCTGCCACACGGAGGGCGCTGCCAGAGGAGAGGGCAGAGCGTCTGTCCCTGCGGTGCCCTCCAGGTGTGCCTAGGGTGGCCCCAGCCCCACAGGCCCCGGGCACTTGCCCTTGGTTCCCCTGCCCTTGCTGGGACCCCTCAGGCCCAGCCTGACTCTGGGATCCCTGGGCTCCTAGCACGACCACTCTGGGGTCCTGCCTGTGGGGAGGGCTCGAGGCACCGACTCACACtcctgataaaataaaaatagttgggGAGGAGGCTCCCAGACGTGCGGGG	TCCGGCC-TG--CTCCCCTG|TCCGGCC-TGTACTGCCATG	GAGGCTCCCAGACGTG--CGG|G-GG--GACA-A-GTGTCCGG	25	15
NC_000001.10	2403270	2403652	GGGGACAAGTG	CCCCTCCGGCCT	CCCCTCCGGCCTGCTCCCCTGCCGAGCTGGGTACTGCCATGGGGTCAGGCCCTTCCCTCCACAACGCCCCCACCTCCTGCTGAGAGCTGGAGTGGCTGCCACACGGAGGGCGCTGCCAGAGGAGAGGGCAGAGCGTCTGTCCCTGCGGTGCCCTCCAGGTGTGCCTAGGGTGGCCCCAGCCCCACAGGCCCCGGGCACTTGCCCTTGGTTCCCCTGCCCTTGCTGGGACCCCTCAGGCCCAGCCTGACTCTGGGATCCCTGGGCTCCTAGCACGACCACTCTGGGGTCCTGCCTGTGGGGAGGGCTCGAGGCACCGACTCACACtcctgataaaataaaaatagttgggGAGGAGGCTCCCAGACGTGCGGGGGGACAAGTG	CCCCTCCGGCCTGCTCC-CCTGCC|CCCCTCCGGCCT-CCCCTCCGGCC	GGGGACAAGTG|GGGGACAAGTG	36	22
NC_000001.10	2403298	2403643	CCAGACGTGCG	TACTGCCATGG	GGGTACTGCCATGGGGTCAGGCCCTTCCCTCCACAACGCCCCCACCTCCTGCTGAGAGCTGGAGTGGCTGCCACACGGAGGGCGCTGCCAGAGGAGAGGGCAGAGCGTCTGTCCCTGCGGTGCCCTCCAGGTGTGCCTAGGGTGGCCCCAGCCCCACAGGCCCCGGGCACTTGCCCTTGGTTCCCCTGCCCTTGCTGGGACCCCTCAGGCCCAGCCTGACTCTGGGATCCCTGGGCTCCTAGCACGACCACTCTGGGGTCCTGCCTGTGGGGAGGGCTCGAGGCACCGACTCACACtcctgataaaataaaaatagttgggGAGGAGGCTCCCAGACGTGCGGGG	GGTACTGCCATGG|GGTACTGCCATGG	CCAGACGTGCG|CCAGACGTGCG	26	22
NC_000001.10	2403298	2403652	CCAGACGTGCG	CCCCTCCGGCCT	GGGTACTGCCATGGGGTCAGGCCCTTCCCTCCACAACGCCCCCACCTCCTGCTGAGAGCTGGAGTGGCTGCCACACGGAGGGCGCTGCCAGAGGAGAGGGCAGAGCGTCTGTCCCTGCGGTGCCCTCCAGGTGTGCCTAGGGTGGCCCCAGCCCCACAGGCCCCGGGCACTTGCCCTTGGTTCCCCTGCCCTTGCTGGGACCCCTCAGGCCCAGCCTGACTCTGGGATCCCTGGGCTCCTAGCACGACCACTCTGGGGTCCTGCCTGTGGGGAGGGCTCGAGGCACCGACTCACACtcctgataaaataaaaatagttgggGAGGAGGCTCCCAGACGTGCGGGGGGACAAGTG	TACTGCCATGGGGTCAGG|TACTGCCATCCCCTCCGG	GACGTGCGGGGGGACA|GACGTGCGTACTGCCA	21	17
NC_000001.10	17912896	17928506	ACACACAGCTTA	CTGCCCCTTCT	GGCAGATGTTTAAAAACAGAACCAAACTGCCCGTTGGTTTTGCAATGGTTTGCATAAGGTAGGGGATGGAGTTATTGAACTCCTGAAGTTCCATTCAGCCCAGAGTTTAGGAAGGAAGTCTTCTAGGAAGAGGACTGGGGAACCTCCATGTGGTGAAATGGCTGGAAATGGCTTCTCGTGCTCTCTAGGATAGAGAATTCATCCCTTCACTCATGTAACAAAAGCCGCTGAGCTCCTGGTCTGGGCCGGTCCAGGACCAGAGAGTAGAGGGGACAGACAGGTGAGATGTCTGCTCTCAGGGATCCGAGCTTGGTGGGGAGTACAAACAAGGGGCAGGGGCAGAGAAGGAGAGGCCACACCTCCTGTAGTAGGGTAGGCGGGGACAGTCTCTCTGCTTGAGTTGAGCTTTAATGGGAGAGGAGGACAGGAGTTCATAGTCACGAAAGGGGTTCCCCAGGAGGGTAAAAGCAGGGAATGAGGCCTAGCAAGCTGACCTCCATGCTGAGAGCTTGGtgccttcccctgccccagccagtCTGTGCCCTAGTACCTGCAAGCTGGCTGCCTCCAAGTCCAGGCATTCCCAGGCAGCTGTGTTTCATGCTGCTGCACATACCAAATAAAGTGTAGTGGGAAGGATGCGCTGTCTGTGCTCATTTGCACACACAAAGCACACAGACACATCAACACACAAACATACAATAAGCTTGTGCTCACGCATAAACACACATGTAAAAAGACCCCTTGCTCACAAAACAGGGAAACACGAAATAAGAAGAGGAAAGATATACATTGAAGTACTGAGGTGCACAGGCTCGCCCTGGGAGCacactcccttccctccctcaactGCCACTTGCTTAGAGACCTAACCCAACCCCCTCCCCCCGGCCTTACCAGCACTGTAGGGCCATGTGGCTTGAGTTTGATGGCTCTCATTCCCTGGCTCAGACCTGAGGTGCTCACCCAGTTCCAGCCATGCCCACCTACCCCAGCCATCTCTCCATTGACCAAACCTCGGAGATCCTGCAGCCTGGCCAACTCCTTCTCTCTTCCAGGAGATCAGCTGGTTCCAGGAGtcccaggcccctcctctgagGCAGAGGACGACCCAGGAGAGGCGTTTGAGtttgatgacagtgatgatgaagaGGACACCAGCGCAGCCCTGGGCGTCCCCAGCCTTGCTCCTGAGAGGGACACAGACCCCCCACTGATCCACTTGGACTCCATCCCTGTCACTGGTAAGATGTTTCTGGGAACTTCCGGTCCTGGGGCTACAGGGAGCATGGAGAACTGGGCGGAAGCTCCAGGCTCTCAGGGATGCCTGGTGGCCCCTCCGCTGTCCCCAGAAAGCAGGAAGGGAAAAGCCAGTGGGAAGAAGCTGCAGTCTGTGGCTTCCCTGGTGAATTGGAAATTCCTAGCATTCCTGCAACATCTGGCGCACTTTGGCACATTGTAAATGGAAGTGGTTGGCCTGAGTTTTGCTTTGGAGACAGTTGCTGCCCAGAGCTTGTGTCTCTGAAGTCCTCCCTGCAGCTTCTCCTAAAGAATCCACACCAGCCAGAAGAGCAGCCTCCCAGAGGTTCCCTCTCCTGTCTGCCTTGGGGAGCTGGCAACCCTGGGGGGCAGGAGGGCCCTGATAAGCTGGTGTTAAATGGCAGCTTCTGGGCTCTTAGAGTCTGTTATCTGAGAGAGAGAATCTGGGGACTGGACCAGCTGGAACTTCCTGCAGGCTTGGGGACAGCGGGCTCCTGGAGCagctgggggtggagggcaggCCCAGAGCAGGCAGGGTGGCTGCCACGGGTTCTGGCTGGAGTTGGGAAGTGGGCcacggggtgggtgggggtggtgcAGGCCAGGTAGGGGAGCTGATGACTgagccagggctgggggagggaggcggGGCTCAGCAGGCACCCAGACTGGCCAGGCCCTGTCTGCGGCGCCCCTGGGGAGGCTGGGAAAGGGGCGGGGAAGGCCTGAGTGCCTGGGGCCAGCCTCTGGCCTGACAGGCTCTCTGTCTGCTCTTCTTTTGCAGACCCAGACCCAGCAGCTGCTCCACCCGGCACAGGGTAAGTGAACCTTGCTCCTTTGCTTTGGCGGTTGGAAACAGGGAGACACCGGGCAgtgggtggggatggggtggagctgaggcccagaggacCCGACTGGTCTTTGGCTAAGGAGGAAAGCATTTCACTGAGGCCCTGTGCCCTGGGGGAAGAGGTCAGTTCCAGAAACTCATGgtactttttcctttattttgcccACAAACCTCTGAAACCGCAGGAGGCAGGCCTGGCTCCAAACCCTACCTCTGTGGCCTTGGAGGAGTCACAGAAACTCTCCAAGTGTCAGTCTGTTTGCGGCTGAAGGGGAAACAATGAGAGCACCCCCTCTGTTGGGTTTGTCTTGGAGAAGCAAACAGCTGGAGGgtccccagtgtgtgtgtgtgtgtgtgtgtgtgtgtgtgtgtgtgtgtgtgtgtgtgtagtgggggAGGTTGGGGGGGTTTGAGGGTGGGGGGGGTGCAGcccattgtaattatttttgcagTTGCCATTTGTCTTGTTAATATCATTCCCATTCCTATGACAGTTGCTATTAGGGACCCTGCCCTCTGTGCCTGGGAGCCTGTCAGAGGCAGTGTAGCCTAGTGGTTAGGAGCCTGGATGTTGGGGTGAGGGCCTGCGTCTTGGCTGTGGCCCCCACACTGGCCACAGGTCCTCATGTCAGTCAAGTCCccctttggttttctcatctgtaaaatgggctatCGGGTAAGATGCCCAGCCTCGTGGTAGGTGCCTAATCAAGGCATTTGCTTTTTATCACAgttcttctttgtcttctgcAAGTCAGGTCTGGGTTGGAAGGGTAATTGGGTAACTGGAGGTGGTGGGAGCTGAGGCCTCTCAGGACCAGGTGTTTAGAGCCTCCTTGCCTAAGCAGTGGAGGGGTCTAGGCTCCAAATGAATGGCCCAAGCATCTGGAACCCTGAGTTTAAATCCTCACTACCCTGGTGAGGGGAGGCATGTCTGAGCCCTGCTTTGTCTTCCTGGGGTGCCCCAAACTGAGCAAGAGGGGCTAATTCTCAGGGTGGTGTCACCCAACGGGAGGTTTCAGAGATGCAGGTTGCAGGCCCAGGCCCCCAGAGGAGAAGTCCTTCATGTGCTCATTTGCTGTCCAGAGTGGGTGGACTTGGGGAGGGTTTCTCCTGAGCTTGCTACTATGTAATTAAGGTGAGAATTAGAGGCCAGCCTCTCCTTCCTGATTAGGGACCTGAAATGAATCAGCAGCCATTCGTCCTGCACCTGGGCTGGGAAGGGCCGTGATGGCTGCAGTCTTCCAAGGGTTTATATCTCCAGGGTGGGCCAGgggtgaagttgtggagaaacTCAGTCTGGTGGGAGATGCAGATGCGTCAGAGTGGGACAGAGACGGACGCCCAGGGAGCTGGGACACTGACTGGAGGGGAGCAAGGATGGGGTCGTCAGGGAAGACTTCTGGGCCAGGTCCTGGCTCAGCGAGTGAATGGAAATTCTCCATTCAGGATGGCAGAGGGGCAGGGGGAGTGCCTGCTGAGGAAGCCCCTGAGCAGAGGTACAGGGCTGGCACACAGGGTGGTCAGCACACTCACTTCCTTCAAGCTACCCTCTTGGAGACCCCAGGAGTTAGGTGATGTGCTCAGGGTTCCATGTAGATAAGTAGATGCTCATTCAGAAGAGAGACCAAGGCCCCTCTGACACCGAGGCCAGGCGCTGGGCCACCGTGCTTCTCTGCCTCCAGGAGCTCATGCGCTGGTCCCTGATGAGAGGGTGTGGCTGGCTTCATAGGAATGATCTGATTGTGTGTACATTTTTTGAGGAAAGATTTTTGCCCACTCAGAGATGATCTCTGAGCTCTTGGGAGAGTGGCGTCTAAGCAGTCGGTGGAATGTTCCATAGGTCCCTCCCGGGGAGGCTTGTGCGGCAGTGCCTGGTGTGTGATTCCTGGTGAGGTCCCTTCCCTTGACATGAGAGCAGAGCAAAAAGAGCCGGCTCTTCGCTCCCCCAACACAGAGATCTTGTGAGGGCGGAGGGGTGTGCAGGTGTGTCTCTCCACCAGCAGTTGCCTCTATGGGGACAGggactttttgattttttggagggGGATGTTTTGTTTGCTGCCAAACCTCATGGCTTAAGTGGCAGGCACGGGGTGAGTGCCAAAGACGTCCTTGGTGAACGAATGATGGACAGAAGGACAAGGAGGGTCTGTGTTCCATGGAAGCAAGGAGAAAGCAAACAGCATGTCAGACCtggtgaagtggctcacgcctgtaatcccagcactttgggaagtcaaggtgggtggaccactgaggtcaggagttcaagacccagcctggccaacatggtgaaaccccgtctctacagaaaatacaaaaattagccggtcctGGTGAacggtgcctgtaattccagctactggggaggctgaggcaggagaatcgcttgaacctgggaggtggaggttgtagtgaggcgagattgcgccatttcactccagcctgtgtgacaaagcgatactctgtctcaaaaacaaacaaacaaagaaacaaaaccaaccaaagaATACCACCCCACCCCTCTACCCCCAAATGAATGGCATGTCAATAGGGTTTCTATTGGATTCTGACTCTGGCAGCTGTAGAGGCCAAGACAGAGGCCAGGGAAGGGAAGCGCAGAGTGGTTGTGTGGCCCAAGGCCACATGGCTAGAGCCACCTGACCTCACTGGTGCTGATGGTGCTGTGCTGAGCCACAGGCTGTGCTAAGTGCTCTGTGTACAttatctctttttgttgttgtttgaaacagggtctcactctgttgcccaggctggagtgcagtggtgtgatcatggctcactgcatccttgaccttccaggcttgagcgattctcctgccttagcctcccgagtagctgggactacaggcatgtgccatcatgcctggctattttttttttttttttttttctgagacagttttgctcttgttgcccaggctggagtgtggtggcgccatctcggctcactgcaacctttgcctcctgggttcaagtgattctcctgcccagcctcctgagtagctgggattacaggtgtgtgccaccacgccgaactaattttttgtatttttagtagagatggggtttcatcatgttggccaggctggtcttgagctcctgacctcaggtgatccacccacctcggcctcccaaagtgcagggattataggcgtgagccaccgcgcctggcctaactttcatattttttgtagagatggagatctcactctgttgcccaggctggtcttgaactcttggctcaagcaatcctcctgccttggtgtcccaaagtgctgggattacaggcatgaaccactgcatctggcctgtaTTATCTTATTACTTGTACCCCTAGGAGCCCTAGAAGACAGGTACTATTGAAtatgcccattttgcagatgagcagCTGAGGCTTAGAGAACTGAAGTAATTTACCCAAATCTCATGgagctagtaaatggcagggcTGGGACTAGGCCTGTCTGCCCTCAAAGCTGTCTACTGAGGCCCACAGGGTTTGCTTCTCCTGGTGGACTCTGAAGCACGTGCACTCATGTCCACCCTGAGCTCTCGCTGGGGGAGTCGTGGTTGAAAGAGCAGCCCTGAGTACCCAGCAGTGCCTGGGAAACGTGAGCGCCACAGATCGCTGGCTTCCTGTGTTTTTCCTGGACTCAGGCCTGCACCCCTCACCTCTGAGTGCAATAGCCCCATGGACTCTGGCCCCCTCTGGAGTTGTTTGCTTTTCCTGTTTAGTTTTGCCTTTATCCCCCTGTGACCTCAGCACTTTTCTGTGGGTCAGGGTTTTGGCTCCTGGCCCTGGTCGCAGGGATTCTCATGGGCTCCCTGAAGGTACCTGGCCTACCCCTTCCTGGGCTTTTCTGGATAAGATGGTTGTACTGCCTGTTGGCTAGTGTCTCTCATTGGGGCCTGGAGCCAGGGGAAGTGATGGGGCAGCCGTATTCTGGGAGAGGACAGGGAGACTCATCTTCCCTGGATGTATCAGGGGCTGAGAGGATCAGGGCAAGAGGAGACCAGGCTCAGCAAAGCAGTATTGGCACAGGATGGAAACAGGGCGCTGGTGGCCTGTGGCTTCTGAGACTGCTAGGTGTGGGGGACATAGGGGCTCATGGGAAGGGCAGGTCAGCAAGGCCGGAGTGGGTCCGCAGCGTCTGGAGGAAATCTTCAAGATTTCCCAGATTGCCGCAGACCTAGTCTGGAGTTGTTTGGAATCCTGGGCTTCTCCTTACATGTGCTGTTTCCCAAATCCGGAACATTTGAGCCTCCTGCGTCCTGTCCCGCAGGGTCCATGCGGGACGTGAGGCATGGCAGATACCGGCTCTCCGCCCATGGAGTCCCCCATGGGAGGGTTATGGGGACCAGGTCtttctttccattaaaaatctttctttaaagGTCCCTTGCCAAATCCATAAATTGGACAAgctggtttttgtgttttctttccttcttttccttctccgaGGGTAGAAACAAGGGCTCCCAGTTTCCAATCAGAGCCAGGACCTTTGGATCCCAGGCCCTTTGAGGACCCCCACAGCCTCTTCATTGAAGAAGGCACTTGCAGGGTACCTGGTTGGCACATCTCTTCATGGTATAAATATGCCTTCAAGGAATCCTGTGACGTTCCTCCCTGCATCCCTGCAGCGGTGGGACTCTGCCTCACTCGTTTTTTAtcccagtgcctggcagagaTGGTGCAACAATACTAACAGCCTACACGTGCACGGACTTTACAGTTTACATCTCATTTTGATTCTCACAACTGTGGGAGGCAGAATCATGGCCCTTCCACCCCTTGGAGATTTCCGTGTCTTCATCCCCAGCACCTGTGAATCTGTGACGCTGCGTGGCAAAGGGACttggcagatgtgattaagtgaggggttttgagatggggagatgacCCTGGGTTATCTGTGGGCCCAGTGGCACCACAAGGGTTGTGACAAGAGGGAGACAGGAGGGCCAGAGTCAGAAAGAGGTGGGAAGATGCCACGCTCCTGGCCTTGGAAATGGAGGACGGGATTGTgaccaaggaatgcaggtggcttcTCGAGGCTGGAAAAGGTGGGGGATGGCTTCTCCCCTGGAGCTGCCCCTGCTGAAACCTCGCTTTTAGTGAGAGCACAGCCCTGCCGAAACCTCGCTTTTAGCCCTGCGAACCCCTTGATGGCCTTCTGACCTCCACACCTGTGAGAACAGATTTGTGTTGTAAGTCACTAAGTTCGTGGTcatctgttacagcagccataggaaactaacaCGACAGCCCTGGAAAGAGGAAATTATCGTGGGCACCATTTTGCAGACCAGACCTGGGAGAGAGCGTCACTTGTCTGTGGGGCTGGGCTGGCAGGCATGGTGCTTGGGCTCAAAGCCTCAGGCCAGGGGCTCTGTTTGCCCTTTCTCTATGGCCCTCTCTGTGCATCTAGGATGGTGCTCTGCTGACTGGCCGGTATTCCCCTGCCCTTCCCTTGCGTCTTCCTGTCCTTTCACCCAGCACCTCTTTACTGAGTGACTGCGATGGGGGCTGACATGCTCTGCCAGGCCATGTTATTtttatgtgcctgtgtgtgtgtttggctcTAGGGCCAGATCATAATGGCCTGAATGTACCCAGCACTTCTTACATGCTGCGCTCTGAGAGCTTTCCCTCCCCAGTGCCATTCATCCTTGCAACACTCTCACAGGACAGGCGCTGATACAATCTGCATTCTAGAGATGTGGGAACTGGCACAGAGAGGACATGACAtcagcccaaggtcacagagaaaGATGAGCAGAGCCAGAGTTAACCCCAGCTGGCTTCCAGAACCTGTGTTCTAATCCCTCTGGTGCAACCGTCTCCCACACAGAGCTGGTTTGGATCCCGCCTGCCCTACATGTTAGCTGCATGACCCAGGACATGCTCTTTGGCTTCTCTGCCTAAccctcagtttcttttcttttctttcttttgagatggagtctctgtcgcccaggctggagtgcagtggcgtgatcttggctcactccaacctctgctctgccccctgggttcaagtgattcttctgcctcggcctcccgagtagctgggattacaggcacccgccaccatgcccggctaatttttttctatttttagtagaaacggggtctcaccatgttggccaggctggtttcaaactcctgacctcaagtgatctgcctgccttggcttcccaaagtgctaggattataggtgtgagccaccatacccggcccccTCAGTTGCTAATCTCTGTAAAGCAGGGTGATGAGACTCACCGGATggcactgttggtggggatgaaATGAGATGGGAGAGATTAGGTGCTTACTCGGTGAGCTGCTCATTGTCACTGTCTCCAAAGGGTGTGGAGCTGTCTGGGGCTGACTCCAGGCACAAGGGACCCCTCCCTGGCCTGTGCATTGCTTAGCATTACCTGAGATGCTCTTCAGTCCATCCCTCCTCcctacctcctcctctctcttcctttttaaaaaaaatacagtttgttgtagaaaaattagaaagtacAGAAAATGATAGACTAAAAGCAACTTTTAATCCTACCATGATGTGTTTCTGTCCAGCTTCTTTGCTAGGCATGTATGCAAGTATGCATGATTGTTTTTATAGAACTGTGGTTTATTGCACATGCTGTTTCGTggctcacctttttttttttttttttttttttttaaagctaattaCATATCATGAGCATTTCCCCAGGGGAACTTGTATTGTTTTGCAACAACCCACATGGCTCTCGATACATTTTTGCCAGGGGTGCAGGGCCTCTCCATGTCTGACCAAGCCCTGGGGCCCCTGAGATGTCAGGGAGGGAGGTGCATTGCCACAGAGCAGGAGGCCAGAGGCTGGGCTTTGGCCCAGCATGTGTGTGGGGGGCCACCTGTACAGAGATGGCTCCCCAGAGGCCTCGACGCTCACTCCCTGCTGAGGTCTGTGATATGATGCCACCTGAGGGCCGCTCTGAGACTTCCCCTGGGGGGCTTCTCACTGCTCTCTACTCATCCAGTAAGGGGATCTGTGACCATGTGTGGGGTGGCACAGGAGAGACACACGGGGTCCTGGAAGCCCTCTGTGCACAGGATGGGCGGCCACAGAGGGAAGAGGGAACACATGCAGGTGAGGCCCCCGTGCCTGGAGGAGAGGCGGAGGGAAGGAGGGGGCGGGGAAGCAGCACACACGAGGCCATACCACGTGCCAGCCCCTGTGCCAGAGGATTTACATGCCTTCTTTATTTACTCCGTACCAGAACCCTGCGAGGGAGGTAGTgttgcctcattttacagatatggaaactgaggcacggagaaATGCTAAGTGCTTTATCTGCATcatctcactgaatcctcacagcTGGAAGTAGGACTGATACTTCACCCTGGTCCACATTCAGTAACTTGTCCCGGTGCACACAGCCAAGTGGCTGAGCCACAGTCATATCCCAGGTCGTGGCCCCGGGGTGCTTACTTCTTCCCCCCTCACGCCTGGGAGCcctggttctcaaccctggctgcatgCTGCAGCCTGCAGGGAGCTTACCCCTGACCAACAGTCAGAGTCTCTGGGGCGGGGGCCCTGGCGCCCACATCTTCTAGGGGCGCCCTGCTGACTCTAGTGGGCCGCCAAGCCAGATGCTCTCTAAGGTCCTCAGCTTTGACATGCTGTACAACCAGGTCAAGTGGCCAGGGCCAAAAAGAGACCCAGCAGCAGGCTGAACCTGGGCTGCgtgttcttccctttccttcgTGTCTCTTGATCGGGCCATCATGCTGGGAGGAGTTTCCGAGGCGGGCGGTGACACTGTGTGGGGCTGTCCTACGCAAACTCTCCTGTCCTGTCCCTCCCTGTGCTGCAGCTTGGGTTTTCCTTGAGGCCTTATAAGGCAAATGTCATTCCAGTCCTTTCTAGTCCCATCCCCAAAGgtgaagttctttcctttctcaTATTTGTTATGCCTTGTCCTGGCAAGGGCCCCAGAATGCTTGTGCGTGTGGACCATGCTGGCCAGGAATCCTTAGCTTGTTCTGGTTTTGGGGGTCTCCTCCCCGACCACCCACATGGTGCAGCCTCTGGGAAGGGACCCTTGGAGGTTCACTGAGAAACTGGGGCCTGTAGCAGCCCCTGCAGGGGTGGCGGGTGCCATTCTCTGGAGTGGGGCTTCTTATCTTTAAAACAGGCTgggggcccggcgcggtggctcatgcctgtaatcccagtactttgggagtacTAGGCGGatccgaggcaggtgggtcacctgaggtcaggagttcaagaccagcctggccaacatgatgaaaccctgtctcaactaaaaatacaaaaaaaagtagatgggcgtggtggcacacgggGACCTacccctccctgccctgctgctCTTTGGAGAGAGAAGAGGTGGGGCACAAAGGTGCTTGGAGCTCTGTGGACCAGAAACGCACCAGGTGGCCTTCTGGTGCACTTGAACTCCTCTGCCGGCAATGTAGGTTGCTGCTTGGGGGTGCTGGGAGGggtcctttcctctcttccctgctTCTGCATCTGCTTCTGCCTTTTCCTCCCCATCTCCTGCCCCTCACCATGGATTCAGCTTCTTTCCTTTGCATTCAGGTTGCTGGCCTTACTCTCATTTGCAAGCTGAGAGGCATTAGGAGAGCAGGAAGCTCAGATAAGGGTGAGATAATTGCCTCTTACTGGTTTTTATGGCTCTTTTATGACCCGGAGGCCCCTGAAGGAGTGTTTGTTCACAGGGAGAATTAGACACGGCAGCCCTGCGTGGCTTCCATGGACAGCGGCTGGGAGAGGCTGCTCCGGGTGGGTACAGGGTGGGTCCAGGGCCTTGGCAGGCATCAGGGAGGGTCACGGGTACAGGAGGGGCCCCCAGCCTCATTTCTTGCCGTGCCCTCTTTGCATGCGTGTCTTGAGCTGGAACGTTGCTCGTGTCCCTGCTCCCCCAACTTTATTCCTCTTCCCCTGCCTGGGAAGCCCTTTCCCCATCTCATCGGCCCGAGGAACACCTGCTCCAGTCTAGGGAGGCAGCGGAGGTGGTCCTGAGAGCAAGGCTTTGCAGATAGATCACCGGGGTTCAAACTGCCGCTGTGCCACTTGCTGGTCAGGTGACTTGGGTAGTGGGGGTGGGCAGGAAGTGACCTCTCTATGCTGTGGGGACCCCCATTCCCCAGCCCAGTACACCAGAGCCAGTACCTGGGCTGGTCGCTCACTGGGTTTTGATAAGGTGCAGCGAGGAGGAGCCTCCCCCTGCCTATGAGTCGGCTCATCAGGTGTTTCCAAATCCCTCCTGAAGTTGCCTGACCTCACCCAGTGATGCCTCTGCCCACCTCCACGTCACCTTTACAGTTTACATGGGGCTTTCTCTGGTGTTCTCTTGGTTAAACTGCATTCTTTCGGTTAAAGCGTGCTGCAGCCTTTGAGCTGGGTGTTACGCTTTCTCTTGGACAGTGTCTGAgttcatttgggctgctgtaagACAATgccatagattgggtggcttataaacaagagaaactttttttttttttttttgagatgaagtattgccctgtccctcaggctggagtgcagtggcacgatctcagctcactgcaacctccgcttcccgggttcaagcgattctcccatctcagcctcctgagtagctgggattacaggcatgtaccaccatgcctggctaatttttgtatttttggtagagacagagtttcaccatattggccaggctggtctcaaactcctgacctccagtgatctacccaccttaaCCTTCCGAAGTTcagggattagaggcgtgagccaccacactgtgCCTAAGagacttatttctcacagttcacaaggctgggaggtccaagatcagggtgccagcagattcagtgtctgatgagggctcaTTTCCTGATCATAGATgacaccttctcactgtgtccttacatggtagaAAGGGCAGAGGAGCTCTCTAGGGCCTCTTTTATATGGGCACTAATCCCAACCATGGGGGCTCTGctcttatgacctaatcacctctgcAAAGGCCCCACCgcctaatactatcaccttgggggTGAGGATTTTAACACATGGACTTTTTTTGTCAGGGGAACACAGACATTCATACCATAGCAGATGGAGACTTGAACTTGAGCCTCTGAGTGTGCCGAGGGctactgctctctctctctctttttttttttttataaaatggtAGCTAAACAGGCAAGATCTGAGGTAACCATATGCCACAGCAAACCTGTGATGTAGGTGAATGTCTACATGCAAGTTCTCGACTTCCAGGTGGTCTGGTTGAAACAATAGAAGCTTTGCAGGTAGACGTAGTGTAAGATCCCAGCTCCCACTAATTAGCTGAGTGATTTCTGGGTAATTGAAACTTTGTGaggctcagtttccccacctgtagaATAGGGGTAACAACACCTGCCTCCGGTGTGTTCCTGCAAAATTAAATGTGCAGGTCGGGCTTGTAGgctcactcccagcactttgggaggccaaggtgggcagatcacctgaggtcaggagttcgagaccagcctggccaacgtggcgaaaccccatctctactaaaaatacaaaaattaggtgggcatagtggcgcgtgcctgtagtcccatctacttggaaggctaagatgggagaattgcttaaatccaggaggtagaggttgcagtgagctgagatcgtgctgctgcactccagcctgggtgaccaagtgagactgtcaaaaaaaaaaaaagaaaaagaaaaaaaaaacgtgcAATTACATGTAAAGCAGAGCAAGCAGTGCATGGCGGATGCTTTGTCACGGTCACTGTCATGGCCACATATCAGAGCAAAGAGGACCTGTGGCCGGGAGACTGTCCAGCCAACCTCTTCTAAGCTCACGTCTGTTCCAGCCGGAAGAGTTTGGTTCTGTCTGAGCAATTCCGAGCAACTGATGTGGCGCCTTCAGGATGTTTCTGTGTTGAGGAGGTGGCGGCTCAGCGAAGCAGCTGTTAGAAATCGGGGTTCAGGTGGCTCCCATCAGCCCATCACCCACCTTCCTGGTCCAGAGAAGCCCTGTCCTCTCTTGGCCTTTACTTCCTGTCATTGGTGGAAAGTGTCTCCCCAGGACCAAATGTGCTGCCTTCCTTGCCCTGGGGTGACACTGTTGACTTCTGGCAGTGAAATGTGAGCTGACACTTGCTCCTCTAATAGGGCAGGTGACTTAGACCTGCACCACCCAGTCCAGTGGCCACTAGTCATGTGtagctatttaaaattaaattacttgAAATCAAATAGAGTTAAAAATTAAGTTCCTTAGTCCCACTAGCCACAtgtcaagtgctcaatagccacgtGGCTGGTGGCTGCTGCACCGGATAGGACAGGCAGGAGCATTCTCGCCACCACCACCGCTCTGCTTATTATCTGAGAGGCAGTGGAGGGTGGCACTCAGAGCCCAGCTTGGGAGCTAGACAAGCTGGCCTCATGGTCTGGCCCTGCCACTCCCTGGCAGAGTGATCTTGGGCAGGTTCTTCTACTTCCCTGCAGAATGCAGAAGATGCCAGGATCCTGTGTGGTGctgggaaggtgaggcagaggGCCTGGCTCACAGGAGGTGCTCAACAGCAGAGATCCCTCCTCgcagcctcctcccctccctcttcccctgccCTGTCCTACTCTTCATCTGCTACAGGCTCGGGTGCCAGGAAGGGAAGTTCAAGTTGATTCTTTGGCAACGGTGCTGTTCTCTTGACAGTCTAAGGCCTCTGCCCTCTAGGTTGGCATAAGTGGTCTttggtctttgttttgtttttttgaaccTGGACTTCAAAAAAATTCACGTTAGAATAGCTTTAGATTTTCAGAGATGTTCTGAAGAGGGAACATAGAGCTCCACATACCCCTCATCCAGCTTCCCTGCTATGAGCATCTCACATGGCCTTGGCACAGTTGTCAAAGCTGAGACCTACGTTGGCACATTACCATTCACTAAACAGATTTTGTGTGGATTTCATCAGTTTTCctacttatgtttattttttgaccCAGGATCCAATCTGGGATCCCACGTTGCGCTTAACTGTCATGTCTCTGTAGCCTGCTCCAGCCCGTggcagtttctcagtctttccttgatTTCCAAGACCTTGAGAATATTGAGGAGTGATGTTTAGGtgcggtgactcactcctgtaatcccagcactttgggaggctgaggtgggtggatcacttgagttcaggagtttgagaccaacctggccaacatggtgaaaccccatctctaccaaaagtgcaaaaattagctgggtgtggtggcgcatgcctgtaattccagctacttgggagactgaggtgggaggattgcttgaacccgggaggcagaggttgcagtgagccgagatcgcaccaccgccctgaagcctgggcgacagagcgaggctctgtctcaaaaaaaaaaaaaaaaaaacaaaaaacaaaaaactctaaaaaaacaaaaagagtcttGAGGAGTAATGCCAGGTATTCGGTACAATGTTCCCCACTCCGATTTTGTCTGGTGTCTTCTCTgtgattagactggggttatgcGTTTTGGATAAAAACACCATGGAGGTGAAGTACCCATTTCATGACGTCTTATCAGGACACATGGCACCTGCGTGGCGTCTCTACAGATGCTCACCTGGGTCTCTTGGTTCGGGACGTGTCTGCTGGGCTCCTCTGCTGTTTCCCATTTGCATGTCTGCTCTGTGGAAGGGACTCACTGGGCCAGCCCATCCTCAAGTGTGCATGAGGGACTAAGCTCTACCTCCCACTTACAGTCTTTTGAAGCTTTGCAagtcttgtttctttttcctttttttgatggagtgttgttttgtcatccaggctggagtgtagtggcatgatcttgggtcactgcaaccttcctcttctgggttcaagtgattcttgtgcaccagcctcctgagtagctggggctacaggcatgcaccaccacgcctggctaatttttgtatttttagtagagacggagttccaccatgttggccaggctggtcttgaactcctgacctcaagtgatccacatgccttggcctcccaaagtgctgtgattacaggcatgagctaccgtgtccAGCCAAGTCCTTGTTTCTTTCAAGAGGCAGGGATCCCCCAGCCTGCCCCTTCTGTTGTATGTGGGAGAGTGGAGAGGTGGAGGTTCCCTTTGAGTCTGCACTAGGGAGAGACGAGACAGCCCCCTTGCGGAGAGTGCTTGGTGCTTATCACTGTGAACAAGGTTGATCTTCATGCTCTTGTGAAGTGCCAGCCCAACCTTATGCACGCCTTCTAAAGATGAGGAGCCTGGGGGCTTGTCTGAGGCCAACTCCACCTCAGGTCTCCCCAGC	GCAGATGT-T-T|GCAGATGT-TCT	CTC-CA-CCT--CAG--GTCT|CACACAGCTTAGCAGATGT-T	18	15
NC_000001.10	17998305	17998648	GAAGAAACTTCT	CTGGCTGGCTCC	CTGGGCCTGGCTGGCTCCCATTGTTACCATCCTATCCCCATGGCCCAAGGCCAGGCCTGACgcagagcaggtgctcagtaaagggTGGTTAAGGCCAGAAGCCCCTCAGGGAGATGGGCTCTGTCTGTAATGTTTCCCcaagtggggggtgggggcattGCAGAGCAGCTGACCGAGGCTTGGTTTTAACCGGCTTCGGAGCATGAAGGTGCTTCCTGAAGCGCGTGCGGTCAGCAATCTGCTCTGCATCTGATGCCTCCTGCCGGTACCTCTGCACTGGCCTCTCATACCGGCTCTCATGCTTTTTGTCCCTAAGCAGGACAGAGAAGAAACTTCTCTGGGC	CTGG--GCCTGGCTGGCTCC|CTGGCTCCCTGGCTGGCTCC	GAAGAAACTTCTCTGGGC|GAAGAAACTTCTCT-GGC	31	33
NC_000001.10	18062885	18063265	TGGCTGCTTCC	AGAATGAACCCA	AGAATGAACCCAGCTTGGGTGAAACTCTGACAGcagcccctccacccccactACGGGTCTGGGGATATCCCTGAAGCCCCCAGCACCCTGCTGCCTGCTGTACTGGGGCCGCCTCAGCCCCAGTCCCTGGTCCTGGGAGCAGGTCCCTCCTTTCCcatccctccctcagcctcatgCCTGCTTGATTGCAATTAAGGATGAGAACCATTGAATAGGGCTCGAATGGTGAATTAATAACCTTATCTCACCCCAGCCAAATCTGGGGCCATTGCGCACCTCTGGCCCAGGGTGGGGAGGGCTTCTTTATCAGGCTGCAGGCAGCGCTCAGATTTTCCTTCTCAGACAAGATGAAACAATTATCTGGTCTGCTGGctgcttcc	AGAATGAACCCAGCTTGGGTGAA|AGAATGAACCCA---AGAATGAA	TGGTCTGCT|TGG-CTGCT	28	15
NC_000001.10	21698974	21699333	AGAAAAAAATG	ACAAAGGCCTCC	GGGAATCACAAAGGCCTCCACTGTCAGGGCTAGAACAGGGTTCTAGCTCAGGGTTGCCTGAGCCCATGCTCCCATTTTATGGAGGAGGAAATCAACGCACAAGGCCATGGAGGCCGAGTTGTATGGAAAAACAGGACTGGAGCTCCCAGTCCAGGGTTCTTTTTTCTGATCTGCAGCATTAAGCAGATAACCACGCAGTGGCTGCGCCAATCCTGCCTGACAAAGGCCCAGGGGAGTGACATCCCCAAGAGGGTTCTAAAATGTCTCTGACTCTGTGATCTTTGTCAAGCCCATCCCTCTCTCTGggtataaatgtatttaaactcTAAGACAAGCggatcagaaaaaaatggggAATC	GGAAT-CACAAAGGCCTCC|GGCCTCCACAAAGGCCTCC	AAT|AAT	29	6
NC_000001.10	27478693	27479037	ACAGGTGAGGGA	CATTAGCACTA	GACCTCATTAGCACTAGAGATACCAGGCCTGCAGGGACAAACTTCTGACTGCCTAGAGTGGGGTCTCTGCAGTCATGCTGTCATCCCACCAGCAGCCACTGACACTCAAAGTGTGTCTGCCAGCCCTGAATGCCCTAATGtaatgccaggtgtggtgggcaggTGAGGGGATCGGGGACAGGAGGCAATTTATAGATTGCACTTGTGAGGTCTCCTCCTGGTCTCACACAGTCAAATGACATCACTGTCACTTCAGCTTCTTACAGCAAATCAGACGACATTTCATGACTCAATTGGTGTGGTCAAATTGAGAGTCTTaaccatttcacaggtgagggaGACCT	G-ACCT-CATTAGCACTA|GCA-CTACATTAGCACTA	GACCT|GACAT	27	7
NC_000001.10	31775822	31776185	TGTCTCTGTTC	GCTTAAGAATG	GCTTAAGAATGCAGGCTCttggccgggtgccatggctcatgcctgtaatctcagcactttgggaggctgaggtaggaggattgcttgagccaggagttcaagaccagactgggcaacataatgaaatccagtctctaccccccctcaaaaaaaaaaaaaattagccaagctcgTTGGTGTGtttctgtcccagctacttgggaggctgaggcgggaggatagcttgagcccaggaggtcaaggctgcagggagccatgtttggaccattgcactccggcctggacaacagagtgagaccctgcctcaaaacaaaaaacaaagcaaacagtGCAGGCTCTGGAGTCATTATTCTGTCTCTGTTC	GCTTAAGAATGCAGGCT|GCTTAAGAAT---GGCT	TGTCTCTGTTC|TGTCTCTGTTC	25	22
NC_000001.10	41198829	41198962	TATTTGATAC	TCTCTTTCTGT	CTTGTATAGCAGGAGGGGAAATAAGACATACACATTGATGTGTATGTCATACAAGGTATCAAATACAATGATTGTACAAGGTAATGTGGTGAGGACAGAAAGAGAGGTGCAGATCGGGCCTCCTTAATGCTCC	CTTGTATAG-C|CTTGTATAGTC	T-CCTT-AAT-G|TACCTTGTATAG	19	12
NC_000001.10	41198877	41198962	CCCCTCCTGCT	TCTCTTTCTGT	ATACAAGGTATCAAATACAATGATTGTACAAGGTAATGTGGTGAGGACAGAAAGAGAGGTGCAGATCGGGCCTCCTTAATGCTCC	TATC|TATC	CCTCCT--TAATGC|CCTCCTGCTTAT-C	8	16
NC_000001.10	42105303	42105483	TCCAGACAAGA	CTGTGACCCACC	GGCTCTGTGACCCACCTCCCTCTCTGTGGTCAGCCTTCCGGCTCTCACTTTCCTGAGGGGCTCACCTTTGTTTCAGCGGAGTGCGCTCTAGTCTGAGAATGCTGTGACATGCAGCTGACAGCCTGGAGGCTGCCTTGGGAACCTTCCCGGTCCCCAGCTGTGTTCTCCAGACAAGAGGCT	CTGTGACCCA-CC--T--CCCTCTC|CTGTGACCCACCCTGTGACCCAC-C	TCCAGACAAGA--G-G-C|TCCAGACAAGACTGTGAC	29	24
NC_000001.10	53792372	53792739	ATGCAGTCCGG	CCCCGAGGGA	GCCACCCGGCCCCGAGGGAGGCGGTGCCCAGGCGGTTTCCCGGTCGCAGGCTCCGGCGGCAAGTCCCGCGCAGGTGGCAGCGCGGCGGCTGCAGCCACGTGCGCGCCAAGCATGGTGCCCCCCACCGTTCCTTTTCTCTCCCCGGGTCTGAGCTCCCTGGCCCGCCACTCACGGCAGTCGTCCTCGTCGCTGTGGTCTAAGCAGTCATCGTCCTCGTCGCATCTCCACACAGAGGGGATGCAGCGCTCGTTCCGGCACTGGAATTGGTCCTTTTCGCAATCCTTGGCCGGCCCTGCGAGGGGGAGGGAGCGTGAGCTGGATCAGCGGACTCGGCCCCACTCCCCACCATGCAGTCCGGGCCACCCGG	CCACC--CGG-CCCCGAGGGA|CC-CCGAGGGACCCCGAGGGA	ATGCAGTCCGGGCCACCCG-G|ATGCAGTCC-GG-C-CCCGAG	27	30
NC_000001.10	116247456	116247806	CGCTGGCTGGA	TCAGAACGATGG	GCCTCAGAACGATGGTCCCCACCCAGAAAATAAAAGTAGTTCTGGGGACTGGGAATGGAGTGATGAGGGGCAGCTCTGGAGCTGCTGCCGAAGGAGTTTACCCTGCTCACTTGGGTGGGACCCCGAGGGTCAAGGGTtttcaactcctggactccaggGAGTAAGCCGAATCCTTTCAGGGTCAGCACCAGGCCCCAAGTTCAATACTGCCCCAAGGGCCAAGACCTCCCACACTGGGTGAGGACCGCCACTGGGTTTCTTCAAGTGCCCCTGCCTATTTCACCTCCTCAGATGCTGAACGCAATCATGAGGTTGTGACAGCAACTGAGGGTGGGGCGCTGGCTGGAGCC	TCAGAACGATGGTCCCCAC|TCAGAACGATGGTCAGAAC	CGCTGGCTGGAGC|CGCTGGCTGGATC	29	23
NC_000001.10	167461877	167462071	CTGGAGGAACAT	GGTAGGGGACA	GCCCCAGGTAGGGGACATCCCATCCCCCTAAACCTCCTTCTTGAACTGACAGTTCACCCCTAGAAGGAGGTGGGAAACCACTCAGATCCATCTCAAAGGGATGCCTACCAGGGTAGGTGTGTGGGAGGAAGGCTGAGCCCATGCTGTGTTCAGGGGCCCCCCCAGAAGGTGTCAGCCTGGAGGAACATGCCCCA	CAGGTAGGGGACA|CAGGTAGGGGACA	CTGGAGGAACATG|CTGGAGGAACATG	26	26
NC_000001.10	229826248	229826585	AGCTTGGAGGGT	CACCGACCGCAC	CCACcgaccgcacccagctaatttttgtatttttagtagagacagggtttcatcacgttggccaggctggtctcaaactcctggcctcaagtgatccacccacctcggcctcccaaagggattacaggcgtgagccactgcaacctccacctcctgggctcaatagaaacatttttttttaagtttctgctgtaaaaaaatatatttctgttgagcctaggaggtggaggttgcagtgaaccaagattacaccactgctctccagcctgggtgacagagtgagaccctgtctccaaaaaaagaaagtttctgtTGGGGGAGAAGAGCTTGGAGGGTC	CCAC|CCAC	AGCTTGGAGGGTC|AGCTTGGAGGGTC	8	26
NC_000001.10	230653575	230653895	GATGGGGGTGG	CCTGCGGAATGT	GGCACACCTGCGGAATGTAAGTGCTGTGTGTAATTGGTGACTCAGGCAGGAACAGGTGCTCACAACTGACATTCCCAGGCCCTCCTCTCCCACCTTGGTTTGGAGGCCTCCTCCAACCTGCACCTCACCCCCTCCTCTCTCAGCTGACTGCCAGCTGCCTGGACTAAGCTGGCTGAGCTGTGCCAAATTGAGTGGCAGCTCTGAACAGATGCAGGCCTGGCAGGCTCCCTGGGGGCATCTGGAGGGGAAAGAGAACCATCCTGAAATGGCAGGAAAAACACTTCTCCCTGGCAGCGCAGAGCAGATGGGGGTGGGGCAAT	GGCACA---CCTGCGGAATGT|GG-A-ATGTCCTGCGGAATGT	GATGGGGGTGG---G-GCAAT|GATGGGGGTGGCCTGCGGAAT	27	27
NC_000001.10	230653581	230653895	GGGTGGGGCAAT	CCTGCGGAATGT	CCTGCGGAATGTAAGTGCTGTGTGTAATTGGTGACTCAGGCAGGAACAGGTGCTCACAACTGACATTCCCAGGCCCTCCTCTCCCACCTTGGTTTGGAGGCCTCCTCCAACCTGCACCTCACCCCCTCCTCTCTCAGCTGACTGCCAGCTGCCTGGACTAAGCTGGCTGAGCTGTGCCAAATTGAGTGGCAGCTCTGAACAGATGCAGGCCTGGCAGGCTCCCTGGGGGCATCTGGAGGGGAAAGAGAACCATCCTGAAATGGCAGGAAAAACACTTCTCCCTGGCAGCGCAGAGCAGATGGGGGTGGGGCAAT	CCTGCGGAATGTAAGTGCTG--TGT|CCTGCGGAATGT-CCTGCGGAATGT	GGGTGGGGCAAT|GGGTGGGGCAAT	32	24
NC_000001.10	232062795	232063012	AACACCAATCC	CTGTAACCCACT	TCTGTAACCCACTCACAAAGCCTTTGGGGATGGTGATAGTATAGGGATTGTCCTTCCAACTAGTTGCTCTCCAACTAGAAAGGCGAATCCCTTTTTCTTTGAGTCACAGAGGATGGAGAGGCTCAGCATTCTCATTCCCTGTTTGGGTTTCCACCCCTGTGGCCATGCAATTTCCATTTATAGCCATGTATTGGCTTACAAGCCTAACACCAATCCT	CTGTAACCCACTCACAAAGCC|CTGTAACCCACTCTGTAA-CC	AACACCAAT-CCT|AACACCAATCCCT	30	23
